{"cameraMode":{"drawMode":0,"name":"Shaded","section":"Shading Mode"},"sceneLighting":false,"audioPlay":false,"sceneViewState":{"showFog":true,"showMaterialUpdate":false,"showSkybox":true,"showFlares":true,"showImageEffects":true,"showParticleSystems":true},"in2DMode":false,"pivot":{"x":2.680999994277954,"y":0.5099999904632568,"z":4.631999969482422},"rotation":{"x":0.16143089532852174,"y":-0.6241350173950195,"z":0.13425906002521516,"w":0.7527226805686951},"size":0.6761534214019775,"orthographic":false}