{"cameraMode":{"drawMode":0,"name":"Shaded","section":"Shading Mode"},"sceneLighting":false,"audioPlay":false,"sceneViewState":{"showFog":true,"showMaterialUpdate":false,"showSkybox":true,"showFlares":true,"showImageEffects":true,"showParticleSystems":true},"in2DMode":false,"pivot":{"x":24.129179000854493,"y":2.239783763885498,"z":-0.3043724298477173},"rotation":{"x":-0.07502029091119766,"y":0.6469771265983582,"z":0.06343387067317963,"w":0.7563814520835877},"size":5.348429203033447,"orthographic":false}