{"cameraMode":{"drawMode":0,"name":"Shaded","section":"Shading Mode"},"sceneLighting":false,"audioPlay":false,"sceneViewState":{"showFog":true,"showMaterialUpdate":false,"showSkybox":true,"showFlares":true,"showImageEffects":true,"showParticleSystems":true},"in2DMode":false,"pivot":{"x":-10.229705810546875,"y":2.115431308746338,"z":33.23382568359375},"rotation":{"x":0.16143089532852174,"y":-0.6241350173950195,"z":0.13425906002521516,"w":0.7527226805686951},"size":7.753413677215576,"orthographic":false}