{"cameraMode":{"drawMode":0,"name":"Shaded","section":"Shading Mode"},"sceneLighting":false,"audioPlay":false,"sceneViewState":{"showFog":true,"showMaterialUpdate":false,"showSkybox":true,"showFlares":true,"showImageEffects":true,"showParticleSystems":true},"in2DMode":false,"pivot":{"x":0.49032577872276308,"y":0.6587180495262146,"z":-1.382041573524475},"rotation":{"x":0.03635759279131889,"y":0.8990676403045654,"z":-0.07563238590955734,"w":0.42992210388183596},"size":3.1416585445404054,"orthographic":false}