{"cameraMode":{"drawMode":0,"name":"Shaded","section":"Shading Mode"},"sceneLighting":false,"audioPlay":false,"sceneViewState":{"showFog":true,"showMaterialUpdate":false,"showSkybox":true,"showFlares":true,"showImageEffects":true,"showParticleSystems":true},"in2DMode":false,"pivot":{"x":-1.3317234516143799,"y":1.144007921218872,"z":-0.4262326955795288},"rotation":{"x":0.014355749823153019,"y":0.9024012088775635,"z":-0.029719999060034753,"w":0.4298630952835083},"size":4.654155731201172,"orthographic":false}